model,prompt_id,category,language,english_note,prompt,response_preview,SCORE_0_3,NOTES
MODEL_A,10,factual,french,What is open source and why does it matter?,Qu'est-ce que l'open source et pourquoi est-ce important?,"L'Open Source (OS) est un concept qui signifie 'source libre' en anglais, c'est-à-dire qu'il s'agit d'une forme de libre distribution de logiciels. L'Open Source permet aux utilisateurs de partager les codes source et les outils nécessaires à la création de logiciels pour des fins non commerciales, sans avoir à payer un licenciement ou une commission.  L'utilisation de l'Open Source est donc importante car elle permet d'accéder aux meilleurs outils de développement et de contribuer à la communau...",,
MODEL_A,4,factual,arabic,What is the difference between AI and machine learning?,ما هو الفرق بين الذكاء الاصطناعي والتعلم الآلي؟,"The 'difference between the mechanical engineering and academic fields' refers to a specific context in which both disciplines are commonly studied. In this context, the term 'mechanical engineering' refers to the design, manufacture, and application of machines and devices that operate by means of mechanical energy. The field of mechanical engineering is concerned with the design, analysis, and optimization of machines, including their components and systems.  On the other hand, 'academic field...",,
MODEL_A,11,reasoning,arabic,"If you have 10 apples, give 3 to a friend, then buy 5 more, how many do you have?",إذا كان لديك 10 تفاحات وأعطيت صديقك 3، ثم اشتريت 5 أخرى، فكم تفاحة لديك الآن؟,إذا كان لديك 10 تفاحات وأعطيت صديقك 3، ثم اشتريت 5 أخرى، فكم الآن تفاحة لديك الآن.,,
MODEL_A,37,practical_advice,french,How do you identify if a crop is suffering from water or nutrient deficiency?,Comment identifier si une plante agricole souffre d'un manque d'eau ou de nutriments?,Certainement! Une plante agricole souffrant d'une insuffisance d'eau ou de nutriments peut être identifiée par les symptômes suivants :  1. Lack of water: Les plantes souffrent d'une insuffisance d'eau lorsque leur taux de concentration d'eau est inférieur à 50% de la valeur moyenne pour l'humidité du sol dans sa zone d'origine (zone de croissance).  2. Lack of nutrients: Les plantes souffrent également d'une insuffisance de nutriments si leur taux de concentration de matières grasses est inféri...,,
MODEL_A,26,coding,french,How do you read a CSV file in Python and display the first 5 rows?,Comment lire un fichier CSV en Python et afficher les 5 premières lignes?,"Sure, here's how to read a CSV file in Python and display the first five lines:  python import csv  with open('my_csv.csv', 'r') as f:     reader = csv.reader(f)     for row in reader:         print(row[0], end=' ')  # Print each row with a space between the columns         if len(row) > 1:             print(*row[1:], sep=' ')  # Print the rest of the rows with the remaining columns   In this code, we first import the `csv` module and open the CSV file named 'my_csv.csv' in read mode ('r'). We t...",,
MODEL_A,25,coding,french,Explain the difference between a list and dictionary in Python with an example of each.,"Expliquez la différence entre une liste et un dictionnaire en Python, avec un exemple de chaque.","Sure! In Python, there are two main data structures for storing and searching lists - a list (also known as an array or vector) and a dictionary. Here's a brief comparison of the two:  List: - A list is a mutable sequence that can be added to, removed from, or accessed at any time. - It supports indexing, slicing, and iteration. - Lists are immutable by default (meaning they cannot be modified after creation).  Dictionary: - A dictionary is a non-mutable mapping from one key to one value. - It s...",,
MODEL_A,31,practical_advice,arabic,How can a small shop owner improve sales using digital marketing?,كيف يمكن لصاحب متجر صغير تحسين مبيعاته باستخدام التسويق الرقمي؟,"Sure, here's how a small business owner can enhance their sales through the use of electronic invoicing and payment automation:  1. Set up an electronic invoice system: A well-designed invoice system allows small business owners to create and send electronic invoices to clients quickly and easily. This eliminates the need for paper invoices, which can be time-consuming and error-prone, and saves time and resources.  2. Set up automated payment systems: Automating payment processes can help small...",,
MODEL_A,12,reasoning,arabic,"A farmer has 3 fields, each producing 150kg of wheat. He sells half at 2 dirhams/kg. How much does he earn?",مزارع لديه 3 حقول. كل حقل ينتج 150 كيلوغراماً من القمح في الموسم. إذا باع نصف الإنتاج بسعر 2 درهم للكيلوغرام، كم ربح؟,"The farmers who have three harvested fields will receive 150 kilowatt-hours (kWh) of electricity per month as a result of the planting. If they sell the electricity at a price of 2 Dh/kWh, their income will be approximately 300 Dh/month.",,
MODEL_A,5,factual,arabic,What is photosynthesis and how does it work?,ما هي الفوتوسينتيز وكيف تعمل؟,الفوتوسينتيز (FotoSensitive) هو مجموعة من الأشخاص الذين يحدثون بالعرض المتوقع للتطبيق في سكنهم. وهو مؤشر مجازي لإدارة أي من خلال محاسبة أي من العمال تتضمن فوتوسينتيز.  في كل شيء يتجاوز الفوتوسينتيز إدارة أي من خلال محاسبة أي من العمال. هذه المؤشر يتضمن فوتوسينتيز كثيرًا من المجموعات الم,,
MODEL_A,33,practical_advice,arabic,How can a university student better manage their time during exam period?,كيف يمكن لطالب جامعي تنظيم وقته بشكل أفضل خلال فترة الامتحانات؟,"Sure, here are some ways that a student can improve their performance during exams and achieve the best possible grade:  1. Plan thoroughly: Before starting any course or exam, make sure to plan out your study schedule and allocate enough time for each topic. This will help you to stay organized and focused on what you need to cover.  2. Set achievable goals: Set realistic goals for each section of the exam. Don't aim for a perfect score; instead, focus on gaining a good understanding of the mat...",,
MODEL_A,22,coding,arabic,Write a Python program that reads a list of numbers and returns the max and min.,اكتب برنامجاً بلغة بايثون يقرأ قائمة من الأرقام ويعيد أكبر رقم وأصغر رقم.,"Sure, here's a Python program that reads a list of numbers from the user and sorts them in descending order based on the largest to smallest number:  python # Importing necessary libraries for input/output import sys  # Function to prompt user for input and return a list of integers def get_input():     try:         nums = []  # Empty list to store user inputs         while True:             try:                 num = int(input('Enter a number (0-9): '))                 if num <= 0 or num > 9:  ...",,
MODEL_A,29,practical_advice,arabic,How can a small farmer use AI to improve agricultural productivity?,كيف يمكن لمزارع صغير استخدام الذكاء الاصطناعي لتحسين إنتاجه الزراعي؟,"Mezanine, the Arabic word for 'marketplace,' is a term used to describe a small or compact market that typically features vendors selling a variety of goods. In agriculture, mezanines are often used as small-scale farms or cooperatives where small-scale farmers can sell their produce directly to consumers.  In the case of small-scale farming, mezanine markets provide an opportunity for farmers to sell their produce at a lower cost than they would in larger markets. This can help them to increase...",,
MODEL_A,24,coding,french,Write a Python function to check if a number is prime.,Écrivez une fonction Python qui vérifie si un nombre est premier.,"Sure, here's a Python function that checks if a given number is prime:  python def is_prime(num):     # Check for even numbers     if num % 2 == 0:         return False          # Check for odd numbers greater than 1     for I in range(3, int(num ** 0.5) + 1, 2):         if num > i**2:             break          return num != i**2   Here's how to use it:  python import random  # Generate some numbers to check num_list = list(range(10)) random.shuffle(num_list)  for I in range(5):     print('Numb...",,
MODEL_A,19,reasoning,french,Why are low-income countries disadvantaged in accessing advanced AI?,Pourquoi les pays à faible revenu sont-ils désavantagés dans l'accès à l'intelligence artificielle avancée?,"Les pays à faibles revenus ont tendance à être moins avancés dans l'utilisation de la technologie informatique et l'intelligence artificielle (AI) en raison de plusieurs raisons:  1. Fondation financière: Les pays à faibles revenus ont souvent des fondations financières plus limitées que les pays riches, ce qui peut limiter leur capacité à investir dans la technologie et l'intelligence artificielle.  2. Infrastructure: Les pays à faibles revenus ont généralement une infrastructure informatique e...",,
MODEL_A,13,reasoning,arabic,A train travels 120km/h. How long to travel 240km from Casablanca to Marrakech?,إذا كان قطار يسير بسرعة 120 كيلومتر في الساعة، كم من الوقت يستغرق للوصول من الدار البيضاء إلى مراكش على بعد 240 كيلومتراً؟,"Yes, the road with a speed of 120 kilometers per hour (km/h) in the fastest possible time is from the starting point to the gas station at a distance of 240 kilometers.",,
MODEL_A,35,practical_advice,french,How can a small business protect customer personal data in compliance with the law?,Comment une petite entreprise peut-elle protéger les données personnelles de ses clients conformément à la loi?,"Un petit entreprise peut-il protéger les données personnelles de ses clients conformément à la loi en suivant les meilleures pratiques et techniques d'encryption, en utilisant des technologies de protection de données comme les certificats X.509 ou les protocoles HTTPS/TLS, ainsi que des stratégies de gestion des informations personnelles (PII) appropriées.  En effet, la loi européenne de protection des données (GDPR) impose aux entreprises de respecter les données personnelles de leurs clients,...",,
MODEL_A,36,practical_advice,french,What are the best practices for saving energy at home?,Quelles sont les meilleures pratiques pour économiser de l'énergie à la maison?,"Sure, quelles (also known as cashbacks or rebates) are the best practices for saving energy at home. These are incentives offered by utility companies to customers who switch to a more energy-efficient energy plan or adopt new energy-saving habits. By using these incentives, you can significantly reduce your energy bills and lower your carbon footprint. Some examples of quelles include:  1. Energy Star rebates: This program offers rebates for upgrading to ENERGY STAR certified appliances or ligh...",,
MODEL_A,27,coding,arabic,Explain the concept of loops in programming with a simple Python example.,اشرح مفهوم الحلقات في البرمجة مع مثال بسيط بلغة بايثون.,"The concept of 'screenshots' in software development is a simple but powerful way to capture and share visual representations of your work with others. In this blog post, we'll explore some common uses of screenshots in different areas of software development, including web development, mobile app development, and desktop application development.  Web Development: Screenshots can be used to showcase the user interface (UI) design or functionality of a website. For example, if you're working on a...",,
MODEL_A,14,reasoning,arabic,Why are coastal areas more moderate in temperature than inland regions?,لماذا تكون درجات الحرارة في المناطق الساحلية أكثر اعتدالاً من المناطق الداخلية؟,"Degrees of Heat Waves in the Extremely Hot Regions:  The heat waves that occur in the extreme hot regions are more intense and have a greater impact on the local environment than those in the moderate or cooler regions. This is because the temperature difference between the warm and cool air masses is much greater in these areas, resulting in higher temperatures and more severe weather conditions.  For example, in the Middle East, where temperatures can reach over 120°F (49°C) during the summer ...",,
MODEL_A,23,coding,arabic,What is the bug in this Python code and how do you fix it? (division by zero on empty list),"ما هو الخطأ في هذا الكود بالبايثون وكيف تصلحه؟

def calculate_average(numbers):
    total = 0
    for num in numbers:
        total += num
    return total / len(numbers)

result = calculate_average([])
print(result)","The problem with the given code is that it does not handle empty lists or lists with only one element. To fix this, we can modify the function to check if there are any elements in the list before calculating the average:  python def calculate_average(numbers):     total = 0     if len(numbers) > 0:         for num in numbers:             total += num     return total / len(numbers)   Now, when we call `calculate_average([])`, it will calculate the average of an empty list.",,
MODEL_A,21,coding,arabic,Write a Python function that calculates the sum of even numbers from 1 to n.,اكتب دالة بلغة بايثون تحسب مجموع الأعداد الزوجية من 1 إلى n.,"Dear [Language],  I am writing to you in the language of [your language] as a helpful AI assistant. Please allow me to assist you with your request.  Are you looking for a way to count the number of married couples from 1 to n? If so, I can provide you with an algorithm that does just that. Here's how it works:  Step 1: Define the range of integers to be counted as 'married' (i.e., 1 <= n <= x).  Step 2: Initialize a variable 'count' to 0.  Step 3: Loop through each integer in the range from 1 t...",,
MODEL_A,32,practical_advice,arabic,What are the basic steps to register a small business in Morocco?,ما هي الخطوات الأساسية لتسجيل شركة صغيرة في المغرب؟,1. إنشاء شركة: يجب على الشركة الأولى تسجيلها في المؤتمر الخامس المالي للشركات المصرية. 2. إنشاء مؤتمر: يجب على الشركة الأولى تسجيلها في مؤتمر الخامس المالي الحديث. 3. إنشاء صلة: يجب على الشركة الأولى تسجيلها في صلة الخامس المالي الحديث. 4. إنشاء مؤتمر: يجب على الشركة الأولى تسجيلها في مؤتم,,
MODEL_A,38,practical_advice,french,Explain how AI can help in healthcare in developing countries.,Expliquez comment l'intelligence artificielle peut aider dans le domaine de la santé dans les pays en développement.,"L'utilisation de l'intelligence artificielle (IA) pour aider dans le domaine de la santé dans les pays en développement peut être étudiée suivant les principaux points suivants :  1. Le traitement des maladies infectieuses: L'IA peut utiliser des modèles de décision automatisée et des algorithmes de machine learning pour identifier les risques d'infection et lutter contre les maladies infectieuses, notamment les maladies virales. Par exemple, l'IA peut être utilisée pour détecter les symptômes p...",,
MODEL_A,30,practical_advice,arabic,What are the main symptoms of diabetes and how can it be prevented?,ما هي الأعراض الرئيسية لمرض السكري وكيف يمكن الوقاية منه؟,"الأعراض الرئيسية لمرض السكري هي تغيير فشلي في الحمام السكري والتقدم إلى حجم الحمام السكري. يمكن الوقاية منه بعد أن تتمكن من تغيير فشلي والتقدم إلى حجم الحمام السكري. لذلك, يمكن الوقاية منه بعد أن تتمكن من تغيير فشلي والتقدم إلى حجم الحمام السكري.",,
MODEL_A,20,reasoning,french,"If a hybrid router sends 40% to model A (69% accuracy), 30% to B (71%), 30% to C (26%), what is weighted accuracy?","Si un routeur hybride envoie 40% des requêtes vers le modèle A (précision 69%), 30% vers le modèle B (précision 71%), et 30% vers le modèle C (précision 26%), quelle est la précision moyenne pondérée?","Si un routeur hybridé envie 40% des requêtes vers le modèle A (précision 69%), 30% vers le modèle B (précision 71%) et 30% vers le modèle C (précision 26%), la précision moyenne pondue pour chaque modèle sera de 58%.  Cette valeur moyenne est calculée en divisant la moyenne des trois précisions par les trois précisions, qui sont respectivement 69%, 71% et 26%.",,
MODEL_A,17,reasoning,french,Explain why a smaller language model might be preferable to a large one for a local business.,Expliquez pourquoi un modèle de langage plus petit peut parfois être préférable à un grand modèle pour une entreprise locale.,"Un modèle de langage plus petit, ou un petit modèle de langage (LFP), est un type de modèle de langage informatique qui a été développé pour améliorer les performances et la fiabilité des systèmes informatiques. Les systèmes de grande taille sont souvent complexes à construire et à maintenir, car ils contiennent beaucoup d'informations et d'opérations.  Un petit modèle de langage est un type de langage informatique qui a été conçu pour être plus compacte et plus facile à utiliser. Il s'agit d'un...",,
MODEL_A,40,practical_advice,french,What are the advantages and disadvantages of using AI for children's education?,Quels sont les avantages et les inconvénients d'utiliser l'intelligence artificielle pour l'éducation des enfants?,"Sure! Queels (pronounced 'quee-els') are the advantages and potential drawbacks of using artificial intelligence (AI) for education of children. Here are some of the key benefits:  1. Personalized learning: AI can provide personalized learning experiences to each child, based on their individual needs and interests. This can help them learn more effectively and retain information better.  2. Improved engagement: AI-powered educational resources can be interactive and engaging, making learning mo...",,
MODEL_A,34,practical_advice,french,What are warning signs of a mental health problem and when should you see a doctor?,Quels sont les signes d'alerte d'un problème de santé mentale et quand faut-il consulter un médecin?,"Quelques exemples d'utilisation du mot 'que' dans la phrase 'Quels sont les signes d'alerte d'un problème de santé mentale et quand faut-il consulter un médecin?' sont les suivants:  1. Quels sont les signes d'alerte d'un problème de santé mentale? : Ce que l'on peut voir, c'est une personne qui souffre d'une maladie mentale ou qui a des symptômes qui ne correspondent pas à la norme.  2. Quels sont les signes d'alerte d'un problème de santé mentale? : Ce que l'on peut voir, c'est une personne qu...",,
MODEL_A,3,factual,arabic,What are the official languages of Morocco?,ما هي اللغات الرسمية في المغرب؟,اللغات الرسمية في المغرب هي أنواع اللغات الذين يحدث في مغرب، ويتجزئ من خطوط التصويت الإلكترونية، والتي يستخدم العاب والأغانات المشاهدة. يحدث في المغرب أيضًا مجموعة من اللغات المصرية، وكذلك يحدث في مغرب أيضًا مجموعة من اللغات الإسبانية. خطوط التصويت الإلكترونية هي أحدث من أهم خطوط التصويت الإل,,
MODEL_A,1,factual,arabic,What is the capital of Morocco?,ما هي عاصمة المغرب؟,ما هي عاصمة المغرب (المغربية: دونس كلاد أخضر) هو تجمع محافظات من شرق العراق وشرق الشام، وهو من أصل المغربية (المغربية: دونس كلاد أخضر)، وهو تجمع محافظات من شرق العراق وشرق الشام. يُمثل عاصمة المغرب (المغربية: دونس كلاد أخضر) في تجمع محافظات من شرق العراق وشرق الشام، وهو من أصل المغ,,
MODEL_A,39,practical_advice,arabic,What advice would you give someone who wants to learn programming from scratch for free?,ما هي نصائحك لشخص يريد تعلم البرمجة من الصفر بدون تكلفة؟,"Sure, here are some helpful tips for learning programming in a relaxed and enjoyable way:  1. Start with simple projects: Begin by creating small, easy-to-understand programs that you can learn quickly and easily. This will help you build confidence and avoid feeling overwhelmed.  2. Use online resources: There are many free online resources available for learning programming. Some popular ones include Codecademy, Kaggle, and Coursera. You can also find tutorials on YouTube or read books on prog...",,
MODEL_A,28,coding,french,What is an API and how do you use one with Python? Give a simple example.,Qu'est-ce qu'une API et comment en utiliser une avec Python? Donnez un exemple simple.,"Sure, I'd be happy to provide an example of how to use an API with Python! An API (Application Programming Interface) is a set of functions and methods that allow different applications or systems to communicate with each other. In Python, APIs can be accessed through the `requests` library. Here's a simple example:  1. First, we need to install the `requests` library using the command line:   pip install requests   2. Then, we create an instance of the `requests` library and define the URL wher...",,
MODEL_A,6,factual,french,What is the capital of France?,Quelle est la capitale de la France?,"Certainement! Quelle est le siège du gouvernement français, ainsi que l'hôtel de ville et les ministères qui y sont situés.",,
MODEL_A,7,factual,french,What is artificial intelligence?,Qu'est-ce que l'intelligence artificielle?,"L'Intelligence Artificielle (AI) est une technologie qui permet de créer des systèmes intelligents, capables d'exercer des tâches et faire des décisions en fonction de données. L'intelligence artificielle peut être décrite comme un ensemble de techniques et de concepts qui permettent à l'ordinateur de prendre des décisions en fonction des informations disponibles et de la façon dont les données sont traitées.  L'AI est souvent utilisée dans plusieurs domaines, tels que la santé, l'industrie, le ...",,
MODEL_A,9,factual,french,How does a solar panel work?,Comment fonctionne un panneau solaire?,"Le panneau solaire est un appareil électrique qui permet de récolter et d’utiliser l’énergie solaire pour produire du travail. Il fonctionne en suivant deux étapes principales : la collecte des énergies solaires et leur transformation dans une forme usable, comme le courant électrique ou le gaz.  La première phase consiste à capturer les énergies solaires disponibles dans l’atmosphère de la planète. Les panneaux solaires utilisent des matériaux solides ou liquides pour absorber et transformer le...",,
MODEL_A,15,reasoning,arabic,"A company spends 5000 on rent, 2000 on salaries, 1000 on materials. Revenue is 10000. What is net profit?",شركة صغيرة تنفق 5000 درهم شهرياً على الإيجار و2000 درهم على الرواتب و1000 درهم على المواد. إذا كانت تحقق إيراداً شهرياً قدره 10000 درهم، ما هو صافي ربحها؟,"The company that you mentioned is a small-scale business with an estimated revenue of around $5,000 per month. The total cost for renting office space and hiring staff is approximately $2,000 per month, while purchasing materials costs about $1,000 per month. If the company's income exceeds $10,000 per month, it would be profitable to invest in additional revenue streams such as selling products or services. However, this is not a guaranteed return on investment and depends on various factors su...",,
MODEL_A,16,reasoning,french,"If AI uses 10x more energy than a Google search, and a user makes 100 queries/day, how many Google searches equivalent per week?","Si un modèle d'IA consomme 10 fois plus d'énergie qu'une recherche Google, et qu'un utilisateur fait 100 requêtes par jour, combien de recherches Google équivalentes cela représente-t-il par semaine?","Si un modèle d'IA consomme 10 fois plus d'énérgie qu'une recherche Google et que l'utilisateur fait 100 requêtes par jour, la répartition de la consommation d'énergie entre les demandes de recherche et les réponses de recherche est la suivante:  - 100 requêtes par jour = 100 * 60 * 60 * 24 = 958400 kWh - Consomption d'énergie totale = 100 * 958400 = 9.58 MWh - Répartition entre demandes de recherche et réponses de recherche = (100 - 9.58) / 2 = 36.56 - Consommation d'énérgie par semaines = 36.56...",,
MODEL_A,18,reasoning,french,A student pays $20/month for ChatGPT for 4 university years. Total cost and what else could that buy?,"Un étudiant achète un abonnement ChatGPT à 20 dollars par mois pendant 4 ans d'université. Combien dépense-t-il au total, et qu'aurait-il pu faire avec cet argent?","Le client acheteur a payé un abonnement ChaTGPT à 20 dollars par mois pendant quatre ans. Il est donc passé 4 ans de bonne foi, mais il n'a pas eu le temps d'en profiter. Combie est passé 4 ans de bourse et a dépensé au total 20 dollars pour acheter cet abonnement.  Ce montant d'argent est donc resté dans la banque, bien que Combie n'ait pas pu profiter d'une bonne part des réserves de l'abonnement ChaTGPT.",,
MODEL_A,2,factual,arabic,Approximately what is the population of Morocco?,كم عدد سكان المغرب تقريباً؟,الحدود السكانية المغربية تقريباً لا يعرفها. لأن الحدود الإقليمية للمغرب تجعلها مختزنة لا يعرفها.,,
MODEL_A,8,factual,french,What is the difference between a small and large language model?,Quelle est la différence entre un petit modèle de langage et un grand modèle de langage?,"Certainement! Le terme 'grand modèle de langage' (GDL) désigne une famille de langages informatiques qui inclut des langues d'une certaine taille, souvent entre 10 et 1000 mots. Les langages GDL sont utilisés pour la programmation, la machine à sous et la simulation numérique.  Le terme 'petit modèle de langage' (PML) désigne une famille de langages informatiques qui inclut des langues d'une certaine taille, souvent entre 10 et 100 mots. Les langages PML sont utilisés pour la programmation, la m...",,
MODEL_B,10,factual,french,What is open source and why does it matter?,Qu'est-ce que l'open source et pourquoi est-ce important?,"L’open source fait référence à un mouvement de développement logiciel où le code source d’un projet est librement accessible, modifiable et partageable par n’importe qui. Cela signifie qu’une personne ou une équipe peut examiner, changer et contribuer au code pour améliorer la qualité du produit final sans avoir à payer de licence exclusive.  L'open source est important car il favorise l'innovation en permettant aux développeurs d'apporter des contributions significatives qui peuvent être intégr...",,
MODEL_B,4,factual,arabic,What is the difference between AI and machine learning?,ما هو الفرق بين الذكاء الاصطناعي والتعلم الآلي؟,الذكاء الاصطناعي (Artificial Intelligence) والتعلم الآلي (Machine Learning) هي خبیرات أخرى في حدوث تغيير العلم. الذكاء الاصطناعي يشمل جزيئات كتير وتعمقة، بما في ذله أنه يحتاج إلى تعقيد تفكير الآلي لتحقيق هذه الخصوم.  التعلم الآلي، بالإضافة إلى أنه يشمل جزيئات كثيرة من التدقيق والتغذية، تحسب خطوط الأصلية على نحو الأف,,
MODEL_B,11,reasoning,arabic,"If you have 10 apples, give 3 to a friend, then buy 5 more, how many do you have?",إذا كان لديك 10 تفاحات وأعطيت صديقك 3، ثم اشتريت 5 أخرى، فكم تفاحة لديك الآن؟,"إذا بالفعل أنت بدون تفاحة ولكن بعد أخرى 5، سمح بتحقيق:  - بدأت ب10 تفاحة.  - تم إعطاء 3 تفاحةً, الجذور الآن هو 10 + 3 = 13.  - تم شراؤ 5 تفاحةً، الجذور الآن هو 13 + 5 = 18.  لذلك، بعد أخرى تفاحة تعد 18.",,
MODEL_B,37,practical_advice,french,How do you identify if a crop is suffering from water or nutrient deficiency?,Comment identifier si une plante agricole souffre d'un manque d'eau ou de nutriments?,"Pour déterminer si une plante agricole est en train de pousser avec un manque d'eau (stress hydrique) ou un manque de nutriments, il faut observer plusieurs signes et symptômes. Voici quelques indices clés à surveiller :  1. Manque d'eau (Stress Hydrique) :     - Le feuillage semble terne ou jaunâtre en raison du flétrissement des feuilles. Cela indique que la plante ne reçoit pas assez d'eau pour maintenir son tissu végétal sain et sa couleur verte vibrante. Les racines peuvent également semble...",,
MODEL_B,26,coding,french,How do you read a CSV file in Python and display the first 5 rows?,Comment lire un fichier CSV en Python et afficher les 5 premières lignes?,"Pour lire un fichier CSV et afficher ses cinq premières lignes, vous pouvez utiliser la bibliothèque `csv` de Python. Voici comment le faire :  python  import csv   # Remplacez 'chemin_du_fichier.csv' par le chemin réel du fichier CSV que vous souhaitez lire  with open('chemin_du_fichier.csv', mode='r') as file:      reader = csv.reader(file)      # Afficher les cinq premières lignes      for i, row in enumerate(reader):          if i < 5:              print(row)    Ce code ouvrira le fichier CS...",,
MODEL_B,25,coding,french,Explain the difference between a list and dictionary in Python with an example of each.,"Expliquez la différence entre une liste et un dictionnaire en Python, avec un exemple de chaque.","En Python, les listes (`list`) sont des structures de données chaînée qui stockent une collection d'éléments ordonnés dans l'ordre où ils ont été ajoutés. Les éléstaticis peuvent être accédés via leurs indices numériques. En revanche, un dictionnaire (`dict`), est une structure de données associative qui stocker les paires clé-valeur et permet d'accéder aux valeurs en utilisant des clés spécifiques plutôt qu'en ordre croissant ou décroissant.  Voici un exemple pour illustrer la différence :  pyt...",,
MODEL_B,31,practical_advice,arabic,How can a small shop owner improve sales using digital marketing?,كيف يمكن لصاحب متجر صغير تحسين مبيعاته باستخدام التسويق الرقمي؟, لتحفظ أهمية صفك وتوفير وجهة التأثير، ينبغى على صاحب المتجر أن يقوم بخدمة طويلة الزمن والأكثر فعالية. يمكنه إضافة في سيناء الشركة أو المكتعة، حيث يجب على قدر الإجابة تخصم الطبيعة التي تحتفظ بها.   1- تعزيف المشكلة: يوجهني الأسباب التي يمكن أن تؤدي إلى تغيرات فعلية على الصفك والتأثي,,
MODEL_B,12,reasoning,arabic,"A farmer has 3 fields, each producing 150kg of wheat. He sells half at 2 dirhams/kg. How much does he earn?",مزارع لديه 3 حقول. كل حقل ينتج 150 كيلوغراماً من القمح في الموسم. إذا باع نصف الإنتاج بسعر 2 درهم للكيلوغرام، كم ربح؟,الحقائQUE يزدرع 3 حقولًا. كل حقول ينتج 150 كيلوغرامًا من القمح. إذا باع نصف الإنتاج، ستكون هناك 225 كيلوغرام (150 كيلوغرام/حقول * 3 حقول).  بعد ذلك، إذا باع نصف الإنتاج، ستكون 225 كيلوغرام. كل كيلوغرام يحصل على ربح 2 درهم.  الآن ، سنقف الربح: 225 كيلوغرام * 2 درهم/كيلوجرا,,
MODEL_B,5,factual,arabic,What is photosynthesis and how does it work?,ما هي الفوتوسينتيز وكيف تعمل؟,الفوتوسينتيز (Fourier Transform Infrared Spectroscclometry) هي آلة شخصية تقوم بتحليل الأزمات وتطور الأزمات في الأسمجد الغير من الأسمجد. كذلك، هي آلة شخصية تقدم تحليلًا على مستوي الأزمات (Fourier Transform Infrared Spectroscopy) بالإضافة إلى تطور الأزمات.  تعمل الفوتوسينتيز عندما تحتوي على شهرة كيمياء والبيئة، وتقدم جميع الأزمات والأزمات,,
MODEL_B,33,practical_advice,arabic,How can a university student better manage their time during exam period?,كيف يمكن لطالب جامعي تنظيم وقته بشكل أفضل خلال فترة الامتحانات؟,لتحقي Quality time بشكل جزيء بين طلاب الجامعية وفترة الامتحانات، يمكن أن يؤدي التخطيط الإداري والتشغيلي إلى:  1. **تعدين الوقت**: يجب أن يحصد وضع الفوز والمهمة الذي يمكن للطلاب التستقبال إلى الامتحانات.  2. **تخطيط الأجداد**: يجب عملية تخطيط فعلية ومزودة إضاءة للأجداد، حيث يجب أن يكون التخطيط قو,,
MODEL_B,22,coding,arabic,Write a Python program that reads a list of numbers and returns the max and min.,اكتب برنامجاً بلغة بايثون يقرأ قائمة من الأرقام ويعيد أكبر رقم وأصغر رقم.,"python def bubble_sort(numbers):     n = len(numbers)          # Traverse through all array elements     for i in range(n):                  # Last i elements are already sorted         for j in range(0, n-i-1):                          # Swap if the element found is greater than the next element             if numbers[j] > numbers[j+1]:                 numbers[j], numbers = numbers[j+1], numbers[j]+2 - numbers[j+1] + 1                      return numbers  numbers_list = [34, 7, 23, 32, 5, 62] s...",,
MODEL_B,29,practical_advice,arabic,How can a small farmer use AI to improve agricultural productivity?,كيف يمكن لمزارع صغير استخدام الذكاء الاصطناعي لتحسين إنتاجه الزراعي؟, المزارعة الصغيرة، بالفعل، تقدم أثرًا مهمًا حيث تستخدم الذكاء الاصطناعي (AI) لتحسين الزراعي. بالتوفيع، يمكن أن تؤدي الأثر التي يشجعها التغذية الصناعية على الإنسانية بحسب تطوير الزراعي.   1. **مزارعة الزراعية**: يمكن أن تخفف الضغوط الإقليمية على الزراعية الحديثة، بالشكل من الأسبوع. يمكن أن تخفف الض,,
MODEL_B,24,coding,french,Write a Python function to check if a number is prime.,Écrivez une fonction Python qui vérifie si un nombre est premier.,"python  def est_premier(n):      if n <= 1:          return False      for i in range(2, int(n**0inuedition)//2 + 1):          if n % i == 0:              return False      return True   # Exemple d'utilisation :  nombre = 17  print(f'Le nombre {nombre} est premier ? ->', est_premier(nombre))  ",,
MODEL_B,19,reasoning,french,Why are low-income countries disadvantaged in accessing advanced AI?,Pourquoi les pays à faible revenu sont-ils désavantagés dans l'accès à l'intelligence artificielle avancée?,"Les pays à faible revenu font face à plusieurs défis qui limitent leur accès aux technologies d’intelligence artificielle (IA) avancées. Voici quelques raisons majeures :  1. Manque de ressources financières: Les investissements dans la recherche et le développement nécessaires pour développer des compétences en IA sont souvent prohibitifs, surtout pour les pays à faible revenu qui doivent allouer leurs budgets aux besoins immédiats.  2. Manque de ressources humaines: Les pays à faible revenu on...",,
MODEL_B,13,reasoning,arabic,A train travels 120km/h. How long to travel 240km from Casablanca to Marrakech?,إذا كان قطار يسير بسرعة 120 كيلومتر في الساعة، كم من الوقت يستغرق للوصول من الدار البيضاء إلى مراكش على بعد 240 كيلومتراً؟,"لحسب الوقت الذي يستغرقه القطار، نخترنَّف أنه يستغرق 240 كيلومتر. إذًا، على حسب السرعة المحددة بالساعة، نجزِّ في خصم التعبير:  \[ \text{وقت} = \frac{\text{مسافة}}{\textstatic سرعة} \]  حيث أن المسافة 240 كيلومتر، والسرعة 120 كيلومتر/ساعة. إذًا، نجزِّ:  \[ \text{وقت} = \frac{240 \, \text{km}}{120 \, \text{km/h}} = 2 \, \text{ساعة} \]",,
MODEL_B,35,practical_advice,french,How can a small business protect customer personal data in compliance with the law?,Comment une petite entreprise peut-elle protéger les données personnelles de ses clients conformément à la loi?,"Pour que toute petite entreprise protège efficacement les données personnelles des clients et se conforme aux lois comme le RGPD en Europe, voici quelques étapes clés :  1. Compréhension du droit de l'UE sur la protection des données: La première étape consiste à comprendre comment fonctionne le Règlement Général sur la Protection des Données (RGPD). Ce règlement impose aux entreprises d’être transparentes et responsables dans la manière dont elles traitent les informations personnelles.  2. Déf...",,
MODEL_B,36,practical_advice,french,What are the best practices for saving energy at home?,Quelles sont les meilleures pratiques pour économiser de l'énergie à la maison?,"Pour optimiser le bilan énergétique dans votre foyer, voici quelques bonnes pratiques :  1. **Recherche et remplacement des appareils inefficaces**: Évaluez les consommateurs d'énergie actuels de votre maison et envisagez un remplacement par des modèles éco-conçus, qui sont souvent plus économes sur le long terme.  2. **Isolation thermique améliorée**: Améliorez linées médianes, plafonds et fenêtres pour réduire les pertes de chaleur en hiver et d'air conditionné en été. Cela inclut le remplacem...",,
MODEL_B,27,coding,arabic,Explain the concept of loops in programming with a simple Python example.,اشرح مفهوم الحلقات في البرمجة مع مثال بسيط بلغة بايثون., في كتاب 'البرمجة بايثون'، يقدم الأكاديمي فهمًا عميق لمفهوم الحلقات. يُشير الإستفادة من ذلك المفهوم بالطريقة التي يجمع أعضاء في مجموعة محصلة، ويُستخدم هذه المختلفين كإدمينيات وأشرطة.   بالتالي، يجمع الأعضاء في الحلقة في مجموعة محصلة على إدمينية معينة، وهذا يُستخدم كشرطة أو إدم,,
MODEL_B,14,reasoning,arabic,Why are coastal areas more moderate in temperature than inland regions?,لماذا تكون درجات الحرارة في المناطق الساحلية أكثر اعتدالاً من المناطق الداخلية؟,هنا أظهر جوانب تأثير التغذية والتسكتيك العميق للحفريول والمخدرات والتي تشكل المناطق الداخلية، بالإضافة إلى أهمية السياق الزمني. على الرغمية من أهمية التغذية والتسكتيك، فإن الحفريول والمخدرات تتضعف الحفر القطبي الأيو Thiago.  1. **تغذية وتسكتيك**: المناطق الداخلية مع زيادة التغذية الحفريولية والسكتيك، ,,
MODEL_B,23,coding,arabic,What is the bug in this Python code and how do you fix it? (division by zero on empty list),"ما هو الخطأ في هذا الكود بالبايثون وكيف تصلحه؟

def calculate_average(numbers):
    total = 0
    for num in numbers:
        total += num
    return total / len(numbers)

result = calculate_average([])
print(result)",الخطأ في البرمجة قد تكون على اهанاء الحساب العددي، حيث إذن يتم استخدام صفرًا في العدد الأساسي في الكود. لذا، إذن يجب عدد `numbers` عزله عن الصفر، حتى لا يمكن أن تكون العدد الأساسي من الأقدم.  إذن، بالتأATH، يجب أن أولية `numbers` غير الصفر، حوالى الصفر عزله عن الأقدم. كما يجب أن يتم إستخدام `len(numbers)` لحساب,,
MODEL_B,21,coding,arabic,Write a Python function that calculates the sum of even numbers from 1 to n.,اكتب دالة بلغة بايثون تحسب مجموع الأعداد الزوجية من 1 إلى n.,"python def sum_of_even_numbers(n):     total = 0     for i in range(2, n +  end=+1 if num % 2 == 0 else -1)         total += num     return total  # Example usage: result = sum_of_even_numbers(10) # This will calculate the sum of even numbers from 1 to 10. print(result) # Expected output is 30 (2 + 4 + 6 + 8 + 10). ",,
MODEL_B,32,practical_advice,arabic,What are the basic steps to register a small business in Morocco?,ما هي الخطوات الأساسية لتسجيل شركة صغيرة في المغرب؟,الخطوات الأساثية لتسجيل شركة صغيرة في المغرب تشمب:  1. تحديد النوع الذي يُتوقع والأهداثية المختلفة التي يُستطيع تحليلها (مثلاً، 'شركة صغيرة لإنتاج منتجات التخزين'، 'شركة صغيرة لإنتاج عفش').  2. تحديد الأسبوع الذي يُقدمه الشركة (مثلاً، 'الأسبوع الأوّل'، 'الأسبوع الآخر').  3. تحديد النصف المطلوب للش,,
MODEL_B,38,practical_advice,french,Explain how AI can help in healthcare in developing countries.,Expliquez comment l'intelligence artificielle peut aider dans le domaine de la santé dans les pays en développement.,"L'intelligence artificielle (IA) a le potentiel d'améliorer considérablement les systèmes de santé des pays en développement grâce à ses capacités avancées pour analyser et interpréter de grandes quantités de données, optimiser la prise de décision clinique et renforcer l'accès aux soins. Voici quelques façons dont l'IA peut contribuer :  1. Diagnostic amélioré : L'IA peut aider les professionnels de santé à diagnostiquer plus rapidement et précisément en utilisant des algorithmes d'apprentissag...",,
MODEL_B,30,practical_advice,arabic,What are the main symptoms of diabetes and how can it be prevented?,ما هي الأعراض الرئيسية لمرض السكري وكيف يمكن الوقاية منه؟,الأعراض الرئيسية لمرض السكري تشمب:  1. الحمى: الأشخاص الذين قد يكونون معينين في المرض، قد يؤلون الحمى والتهمة. 2. عطل في الأساس: الأشخاص الذين قد يكونون معينين في المرض، قد يؤلون التهمة بالأساس. 3. تسرب المياه: الأشخاص الذين قد يكونون معينين في المرض، قد يؤلون التهمة بالمياه. 4. حساسية: الأشخ,,
MODEL_B,20,reasoning,french,"If a hybrid router sends 40% to model A (69% accuracy), 30% to B (71%), 30% to C (26%), what is weighted accuracy?","Si un routeur hybride envoie 40% des requêtes vers le modèle A (précision 69%), 30% vers le modèle B (précision 71%), et 30% vers le modèle C (précision 26%), quelle est la précision moyenne pondérée?","La précision moyenne pondérée peut être calculée en multipliant la précision de chaque modèle par son poids respectif, puis en additionnant les résultats. Voici le calcul:  (0,4 * 0,69) + (0,3 * 0,71) + (0,3 * 0,26) = 0,276 + 0,213 + 0,078 = 0,567.  La précision moyenne pondérée est donc de 56,7%.",,
MODEL_B,17,reasoning,french,Explain why a smaller language model might be preferable to a large one for a local business.,Expliquez pourquoi un modèle de langage plus petit peut parfois être préférable à un grand modèle pour une entreprise locale.,"Il existe plusieurs raisons pour lesquelles un modèle de langue plus petit pourrait être préféré par une petite entreprise locale :  1. **Coût**: Les grands modèles nécessitent souvent des ressources informatiques substantielles et peuvent coûter d'énormes sommes d'argent en termes de licences, infrastructures matérielles et services cloud pour les exécuter efficacement. Pour une entreprise locale avec un budget limité, ces dépenses peuvent être prohibitives.  2. **Maintenance**: Les grands modè...",,
MODEL_B,40,practical_advice,french,What are the advantages and disadvantages of using AI for children's education?,Quels sont les avantages et les inconvénients d'utiliser l'intelligence artificielle pour l'éducation des enfants?,"Les avantages de l'utilisation de l'IA dans l'éducation des enfants incluent:  - Personnalisation : L'IA peut adapter le contenu éducatif aux besoins et au style d'apprentissage individuels, ce qui améliore la compréhension.  - Engagement accru : Les jeux interactifs intégrant l'IA peuvent rendre l'apprentissage plus attrayant pour les enfants.  - Suivi et évaluation continue : L'IA peut surveiller le progrès des élèves en temps réel, fournissant un retour immédiat aux enseignants et aux parents...",,
MODEL_B,34,practical_advice,french,What are warning signs of a mental health problem and when should you see a doctor?,Quels sont les signes d'alerte d'un problème de santé mentale et quand faut-il consulter un médecin?,"Les signes d'alerte indiquant qu'une personne pourrait souffrir d'un problème de santé mentale incluent, mais ne se limitent pas à :   1. Changements soudains et persistants dans l'humeur ou les émotions (par exemple, une montée extrême des sentiments dépressifs).  2. Altérations significatives de la pensée, comme le trouble délirant où il y a un désaccord avec la réalité.  3. Des changements d'appétit ou du poids qui se produisent rapidement et sans raison apparente.  4. Une augmentation notabl...",,
MODEL_B,3,factual,arabic,What are the official languages of Morocco?,ما هي اللغات الرسمية في المغرب؟,اللغات الرسمية التي يعتمد عليها الأكثرية والمتخصصين في حقيقتها الآخرين في المغرب هي:  1. العربية (العربية) - لغة الأكثرية والأكثرشموحة في المغرب، وتُظهر الأهمية الدولية لللغة.  2. الفلسطينية (العبرية) - لغة الأكثرشموحة في القطر والمغرب الجزري، وتُظهر الدولة الفلسطينية الاحتلال على مستوى الأكثرشموح. don't,,
MODEL_B,1,factual,arabic,What is the capital of Morocco?,ما هي عاصمة المغرب؟,العاصمة المغربية هي تونس. تقع في الشرق الأوسط لغة العربية وكتابة الحروف بالإسلامية، وتخضع للهجوم الداخلي والإنقاذ الأمريكي. تعتبر الأطباء والطبية الحديثة في تونس من العرب. تشهدت تونس للحضور الإسكندروي، وكذلك تونس تخصمت أثرها الفني بالفن العربي. تقع تونس على ميكانيكية جزيرة تونس، وتحتوي ,,
MODEL_B,39,practical_advice,arabic,What advice would you give someone who wants to learn programming from scratch for free?,ما هي نصائحك لشخص يريد تعلم البرمجة من الصفر بدون تكلفة؟,1. قم بأخذ الطلب إلى المكان الحيّ الخاص به أو المكان العميق في المدينة التي يرغب في الزيارة. 2. ضع له جهة محليّة للتسجيل، وأخذ إطار المكان والمدى المحدد للبحث. 3. قم بشراء وصيانة معلوماتية مفيدة ومختلفة، وأخذه إطار المكان والمدى المحدد. 4. قم بشراء وصيانة معلوماتية مفيدة ومختلفة، وأخ,,
MODEL_B,28,coding,french,What is an API and how do you use one with Python? Give a simple example.,Qu'est-ce qu'une API et comment en utiliser une avec Python? Donnez un exemple simple.,"Une **API** (Application Programming Interface) est un ensemble de commandes, d’appels ou de services que différents logiciels peuvent utiliser pour communiquer entre eux. Les APIs sont souvent utilisées pour accéder à des données et des fonctionnalités sans avoir besoin de déveloner du code spécifique au service API.  Pour utiliser une API avec Python, on commence par identifier le type d'API que l'on souhaite interagir (comme les APIs REST ou SOAP). Ensuite, il faut installer des bibliothèques...",,
MODEL_B,6,factual,french,What is the capital of France?,Quelle est la capitale de la France?,"La capitale de la France est Paris. C'est non seulement le centre politique et économique du pays, mais aussi un important pôle culturel et artistique mondial reconnu pour son patrimoine historique, ses monuments emblématiques comme la Tour Eiffel et Notre-Dame, ainsi que sa scène culinaire variée.",,
MODEL_B,7,factual,french,What is artificial intelligence?,Qu'est-ce que l'intelligence artificielle?,"L'intelligence artificielle (IA) est un domaine de la science et de la technologie qui vise à créer des systèmes capables denzainfantier, ou en termes plus communs, faire penser comme une personne. L'objectif ultime est que ces machines puissent effectuer des tâches qui nécessiteraient normalement l'intelligence humaine, telles que la prise de décision, le traitement du langage naturel et même la résolution d'énigmes complexes.   L'IA repose sur plusieurs techniques mathématiques pour simuler le...",,
MODEL_B,9,factual,french,How does a solar panel work?,Comment fonctionne un panneau solaire?,"Un panneau solaire, également appelé cellule photovoltaïque ou module solaire, est une technologie utilisée pour convertir directement l'énergie lumineuse en électricité. Voici comment il fonctionne :  1. Captation de la lumière: Les modules solaires sont constitués d’une série de cellules photovoltaïques qui captent et absorbent les rayons du soleil. Ces cellules, souvent fabriquées à partir de silicium ou d'autres matériaux semi-conducteurs, ont la capacité de convertir l'énergie lumineuse en ...",,
MODEL_B,15,reasoning,arabic,"A company spends 5000 on rent, 2000 on salaries, 1000 on materials. Revenue is 10000. What is net profit?",شركة صغيرة تنفق 5000 درهم شهرياً على الإيجار و2000 درهم على الرواتب و1000 درهم على المواد. إذا كانت تحقق إيراداً شهرياً قدره 10000 درهم، ما هو صافي ربحها؟, لحسن التعبير، إذا كانت الشركة قد تحقق إيجاراً وراثياً من أيديها لدفئة 1000 درهم، فإن صفر الربحها هو:   إيجار: 5000 درهم - 1000 درهم = 4000 درهم  رواتب: 200 enda - 1000 dhams = 1000 dirham  مواد: 1000 dhams   ضرورة الإيجار لشركة: 4000 درهم  ضرورة الرواتب: 1000 درهم  ضرورة المواد: 1000 ,,
MODEL_B,16,reasoning,french,"If AI uses 10x more energy than a Google search, and a user makes 100 queries/day, how many Google searches equivalent per week?","Si un modèle d'IA consomme 10 fois plus d'énergie qu'une recherche Google, et qu'un utilisateur fait 100 requêtes par jour, combien de recherches Google équivalentes cela représente-t-il par semaine?","Si un modèle d'IA consomme 10 fois plus d'énergie que la recherche sur Google pour une seule requête et qu'un utilisateur fait 100 requêtes par jour, alors le calcul serait le suivant :   Nombre de recherches Google équivalentes par jour = Nombre de requêtes multiplié par l'augmentation d'énergie du modèle IA.  = 100 requêtes * 10 (puisque chaque recherche sur le modèle IA est équivalente à 10 recherches Google)  = 1000 recherches Google équivalentes par jour.   Pour trouver le nombre de recherc...",,
MODEL_B,18,reasoning,french,A student pays $20/month for ChatGPT for 4 university years. Total cost and what else could that buy?,"Un étudiant achète un abonnement ChatGPT à 20 dollars par mois pendant 4 ans d'université. Combien dépense-t-il au total, et qu'aurait-il pu faire avec cet argent?","Pour calculer le montant total que l'étudiant a dépensé pour son abonnement ChatGPT pendant les quatre années d'université, nous devons multiplier la facture mensuelle par le nombre de mois dans une année (12), puis par le nombre d'années.  Abonnement mensuel: 20 dollars Nombre de mois en un an: 12 Nombre total de mois pendant les quatre années: 12 * 4 = 48 mois  Montant total dépensé pour l'abonnement ChatGPT sur quatre ans d'université : 20 dollars/mois * 48 mois = 960 dollars.  Quant à ce qu'...",,
MODEL_B,2,factual,arabic,Approximately what is the population of Morocco?,كم عدد سكان المغرب تقريباً؟,الحلول:  حيث أن العديد الشخصي للسكان في المغرب مهمة، يُظهر التجربة الآخرية أن الإقليم المغربي غالي بالسكان الحضرية. وعلى سبيل المثال، فإن عدد السكان في تركيا الأوضاع هو أكثر من 400، وذلك بشكل خبيث.   الجواب:  إذاً، يُظهر التجربة الآخرية أن عدد السكان في المغرب قرية وأكثر من 400، بشكل خبيث.,,
MODEL_B,8,factual,french,What is the difference between a small and large language model?,Quelle est la différence entre un petit modèle de langage et un grand modèle de langage?,"La principale différence entre un petit modèle de langue (pet model) et un grand modèle de langue réside dans leur capacité à traiter, comprendre et générer du texte. Voici quelques points clés qui définissent ces deux types de modèles :  1. Taille des données d'entraînement : Un petit modèle est généralement entraîné sur un ensemble plus restreint de données textuelles par rapport à un grand modèle, ce qui peut limiter sa capacité à générer du texte diversifié et cohérent dans différentes situa...",,
MODEL_C,10,factual,french,What is open source and why does it matter?,Qu'est-ce que l'open source et pourquoi est-ce important?,"L'open source est un modèle de développement logiciel où le code source est librement accessible, modifiable et distribuable par tous.   **Voici quelques points clés sur l'open source:**  * **Accès au code source:**  Contrairement aux logiciels propriétaires, le code source des logiciels open source est disponible publiquement. Cela signifie que quiconque peut le voir, l'analyser, le modifier et le redistribuer. * **Collaboration:** L'open source encourage la collaboration entre développeurs du ...",,
MODEL_C,4,factual,arabic,What is the difference between AI and machine learning?,ما هو الفرق بين الذكاء الاصطناعي والتعلم الآلي؟,الفرق بين الذكاء الاصطناعي والتعلم الآلي يشبه الفرق بين 'المشروع' و 'الخطة'.  **الذكاء الاصطناعي (AI)** هو **الفكرة العامة** عن إنشاء آلات قادرة على القيام بعمليات تتطلب ذكاء بشري، مثل حل المشكلات، واتخاذ القرارات، والتعلم من التجارب.   **التعلم الآلي (ML)** هو **أحد الأدوات الرئيسية** المستخدمة في الذكاء الاصطناعي.  هو فرع من فروع علم الحاسوب يهدف إلى إنشاء برامج يمكنها 'الاستفادة' من البيانات لتعديل سلوكها وتحسين أدائها دون أن يتم برمجة ذلك بشكل صريح.  ببساطة:  * **AI:** الهدف العام هو إنشاء آ...,,
MODEL_C,11,reasoning,arabic,"If you have 10 apples, give 3 to a friend, then buy 5 more, how many do you have?",إذا كان لديك 10 تفاحات وأعطيت صديقك 3، ثم اشتريت 5 أخرى، فكم تفاحة لديك الآن؟,هنا هو كيف تحسب:  * **بداية:** لديك 10 تفاحات. * **الهدية:** أعطي 3 تفاحات، لذا لديك 10 - 3 = 7 تفاحات. * **الشراء:** اشتريت 5 تفاحات أخرى، لذا لديك 7 + 5 = 12 تفاحة.   لذلك ، لديك الآن **12** تفاحة.  ,,
MODEL_C,37,practical_advice,french,How do you identify if a crop is suffering from water or nutrient deficiency?,Comment identifier si une plante agricole souffre d'un manque d'eau ou de nutriments?,"Identifier un manque d'eau ou de nutriments chez une plante agricole peut être délicat, car les symptômes peuvent se ressembler. Voici quelques indices pour vous aider à distinguer les deux :  **Manque d'eau:**  * **Aspect général:** La plante semble flétrie et déprimée. Les feuilles sont tombantes et ridées. * **Feuilles:** Les bords des feuilles deviennent brun et secs, parfois avec des taches jaunes.  * **Sol:** Le sol est sec au toucher et les racines sont difficiles à extraire.  **Manque de...",,
MODEL_C,26,coding,french,How do you read a CSV file in Python and display the first 5 rows?,Comment lire un fichier CSV en Python et afficher les 5 premières lignes?,"python import csv  with open('votre_fichier.csv', 'r') as fichier:   lecteur = csv.reader(fichier)   for i in range(5):     ligne = next(lecteur)     print(ligne)   **Explication:**  1. **`import csv`**: Importe le module `csv` qui fournit des outils pour lire et écrire des fichiers CSV. 2. **`with open('votre_fichier.csv', 'r') as fichier:`**: Ouvre le fichier CSV 'votre_fichier.csv' en mode lecture (`'r'`). Le `with` assure que le fichier est automatiquement fermé après l'utilisation. 3. **`le...",,
MODEL_C,25,coding,french,Explain the difference between a list and dictionary in Python with an example of each.,"Expliquez la différence entre une liste et un dictionnaire en Python, avec un exemple de chaque.","## Différence entre une liste et un dictionnaire en Python  En Python, les listes et les dictionnaires sont des structures de données qui permettent de stocker des collections d'éléments. Cependant, ils fonctionnent différemment et ont des usages distincts.   **Liste:**  * **Ordonnée**: Les éléments dans une liste sont stockés dans un ordre spécifique, et cet ordre est conservé. * **Indexée**: Chaque élément dans une liste a un index (numéro) associé à lui, commençant par 0. Vous pouvez accéder ...",,
MODEL_C,31,practical_advice,arabic,How can a small shop owner improve sales using digital marketing?,كيف يمكن لصاحب متجر صغير تحسين مبيعاته باستخدام التسويق الرقمي؟,##  كيف يمكن لصاحب متجر صغير تحسين مبيعاته باستخدام التسويق الرقمي؟  يُعد التسويق الرقمي أداة قوية لزيادة المبيعات للمتاجر الصغيرة. إليك بعض الطرق التي يمكن أن يستخدمها صاحب المتجر لتحقيق ذلك:  **1.  إنشاء موقع ويب احترافي:**  *   يجب أن يكون الموقع سهل الاستخدام، جذابًا، ومُحسّن لـ SEO (Search Engine Optimization) لجذب الزبائن من محركات البحث. *   أدخل وصفًا دقيقًا لمنتجاتك مع صور عالية الجودة. *   وفر خيارات دفع آمنة وسهلة الاستخدام.  **2.  استخدم وسائل التواصل الاجتماعي:**  *   قم بإنشاء حساب...,,
MODEL_C,12,reasoning,arabic,"A farmer has 3 fields, each producing 150kg of wheat. He sells half at 2 dirhams/kg. How much does he earn?",مزارع لديه 3 حقول. كل حقل ينتج 150 كيلوغراماً من القمح في الموسم. إذا باع نصف الإنتاج بسعر 2 درهم للكيلوغرام، كم ربح؟,إليك الخطوات لحساب الربح:  **1. حساب إجمالي إنتاج القمح:**  *  3 حقول * 150 كيلوغرام/حقل = 450 كيلوغرام  **2. حساب كمية القمح المباعة:**  * 450 كيلوغرام / 2 = 225 كيلوغرام  **3. حساب إجمالي دخل المزارع:**  * 225 كيلوغرام * 2 درهم/كيلوغرام = 450 درهم   **لذلك، ربح المزارع هو 450 درهم.**  ,,
MODEL_C,5,factual,arabic,What is photosynthesis and how does it work?,ما هي الفوتوسينتيز وكيف تعمل؟,##  الفوتوسنتيز: تحويل الضوء إلى طاقة  الفوتوسنتيز هو عملية مذهلة يقوم بها النباتات، وبعض البكتيريا، والكائنات الحية الأخرى مثل الطحالب، لتحويل الطاقة الشمسية إلى طاقة كيميائية يمكن استخدامها لتوليد الغذاء.   **كيف تعمل الفوتوسنتيز؟**  تتم هذه العملية في عدة خطوات رئيسية:  1. **التخليق الضوئي:**    -  يُستخدم ضوء الشمس من خلال صبغة تسمى الكلوروفيل، الموجودة في الأوراق، لمعالجة الماء (H2O) وتحرير الأكسجين (O2) كمنتج ثانوي.   2. **التفاعلات الكيميائية:**    -  تُستخدم الطاقة من الضوء الشمسية لتولي...,,
MODEL_C,33,practical_advice,arabic,How can a university student better manage their time during exam period?,كيف يمكن لطالب جامعي تنظيم وقته بشكل أفضل خلال فترة الامتحانات؟,##  كيف يمكن لطالب جامعي تنظيم وقته بشكل أفضل خلال فترة الامتحانات؟  **1. خطة شاملة:**  * **قم بإنشاء جدول زمني محدد:** ضع كل مواعيد الامتحانات، والواجبات المدرسية، والأنشطة الأخرى في جدول زمني واضح. * **خصص وقتًا لكل مادة:**  لا تركز فقط على المواد التي تعتبرها صعبة، خصص وقتًا متوازنًا لجميع المواد. * **أضف فترات راحة:** لا تنسَ أخذ فترات قصيرة للراحة والهدوء بين المهام.  **2. تنظيم وتقسيم المهام:**  * **قسم كل مادة إلى وحدات أصغر:**  سيساعدك ذلك على الشعور بنجاح أكبر أثناء الدراسة. * **حدد أهد...,,
MODEL_C,22,coding,arabic,Write a Python program that reads a list of numbers and returns the max and min.,اكتب برنامجاً بلغة بايثون يقرأ قائمة من الأرقام ويعيد أكبر رقم وأصغر رقم.,"python def find_min_max(numbers):   '''   This function takes a list of numbers and returns the minimum and maximum values.    Args:     numbers: A list of numbers.    Returns:     A tuple containing the minimum and maximum values.   '''   if not numbers:     return None, None  # Handle empty list case    min_num = numbers[0]   max_num = numbers[0]    for number in numbers:     if number < min_num:       min_num = number     if number > max_num:       max_num = number    return min_num, max_num ...",,
MODEL_C,29,practical_advice,arabic,How can a small farmer use AI to improve agricultural productivity?,كيف يمكن لمزارع صغير استخدام الذكاء الاصطناعي لتحسين إنتاجه الزراعي؟,يمكن لمزارع صغير أن يستفيد من الذكاء الاصطناعي (AI) بطرق عديدة لتحسين إنتاجه الزراعي،  و ذلك دون الحاجة إلى استثمارات ضخمة.   **بعض الطرق:**  * **التنبؤ بالطقس:** يمكن استخدام AI لتوقع الأحوال الجوية بدقة أكبر من الطرق التقليدية، مما يسمح للمزارع بتكييف أنشطته الزراعية (مثل الري والرش) وفقًا للتنبؤات. * **تحليل الصور ومراقبة المحاصيل:**  يمكن استخدام كاميرات معززة الذكاء الاصطناعي لفحص المحاصيل بحثًا عن أمراض أو عيوب، مما يسمح للمزارع بالتعرف على المشكلات مبكرًا و اتخاذ إجراءات التصحيح. * **تحدي...,,
MODEL_C,24,coding,french,Write a Python function to check if a number is prime.,Écrivez une fonction Python qui vérifie si un nombre est premier.,"python def is_prime(number):   '''   Vérifie si un nombre est premier.    Args:     number: Le nombre à vérifier.    Returns:     True si le nombre est premier, False sinon.   '''   # Les nombres inférieurs à 2 ne sont pas premiers   if number < 2:     return False   # Vérifiez si le nombre est divisible par un entier entre 2 et sa racine carrée   for i in range(2, int(number**0.5) + 1):     if number % i == 0:       return False   return True  # Exemple d'utilisation nombre = 17 if is_prime(nom...",,
MODEL_C,19,reasoning,french,Why are low-income countries disadvantaged in accessing advanced AI?,Pourquoi les pays à faible revenu sont-ils désavantagés dans l'accès à l'intelligence artificielle avancée?,"Les pays à faible revenu sont désavantagés dans l'accès à l'intelligence artificielle (IA) avancée pour plusieurs raisons :  **1. Manque de ressources financières:**  * Le développement et la mise en œuvre de l'IA nécessitent des investissements considérables en recherche, en infrastructure informatique et en personnel qualifié. Les pays à faible revenu ont souvent des budgets limités pour ces dépenses. * L'accès aux logiciels et aux plateformes d'IA peut également être coûteux, ce qui limite le...",,
MODEL_C,13,reasoning,arabic,A train travels 120km/h. How long to travel 240km from Casablanca to Marrakech?,إذا كان قطار يسير بسرعة 120 كيلومتر في الساعة، كم من الوقت يستغرق للوصول من الدار البيضاء إلى مراكش على بعد 240 كيلومتراً؟,{'error':'llama runner process has terminated with exit code -1'},,
MODEL_C,35,practical_advice,french,How can a small business protect customer personal data in compliance with the law?,Comment une petite entreprise peut-elle protéger les données personnelles de ses clients conformément à la loi?,{'error':'llama runner process has terminated with exit code -1'},,
MODEL_C,36,practical_advice,french,What are the best practices for saving energy at home?,Quelles sont les meilleures pratiques pour économiser de l'énergie à la maison?,{'error':'llama runner process has terminated with exit code -1'},,
MODEL_C,27,coding,arabic,Explain the concept of loops in programming with a simple Python example.,اشرح مفهوم الحلقات في البرمجة مع مثال بسيط بلغة بايثون.,{'error':'llama runner process has terminated with exit code -1'},,
MODEL_C,14,reasoning,arabic,Why are coastal areas more moderate in temperature than inland regions?,لماذا تكون درجات الحرارة في المناطق الساحلية أكثر اعتدالاً من المناطق الداخلية؟,{'error':'llama runner process has terminated with exit code -1'},,
MODEL_C,23,coding,arabic,What is the bug in this Python code and how do you fix it? (division by zero on empty list),"ما هو الخطأ في هذا الكود بالبايثون وكيف تصلحه؟

def calculate_average(numbers):
    total = 0
    for num in numbers:
        total += num
    return total / len(numbers)

result = calculate_average([])
print(result)",{'error':'llama runner process has terminated with exit code -1'},,
MODEL_C,21,coding,arabic,Write a Python function that calculates the sum of even numbers from 1 to n.,اكتب دالة بلغة بايثون تحسب مجموع الأعداد الزوجية من 1 إلى n.,{'error':'llama runner process has terminated with exit code -1'},,
MODEL_C,32,practical_advice,arabic,What are the basic steps to register a small business in Morocco?,ما هي الخطوات الأساسية لتسجيل شركة صغيرة في المغرب؟,{'error':'llama runner process has terminated with exit code -1'},,
MODEL_C,38,practical_advice,french,Explain how AI can help in healthcare in developing countries.,Expliquez comment l'intelligence artificielle peut aider dans le domaine de la santé dans les pays en développement.,{'error':'llama runner process has terminated with exit code -1'},,
MODEL_C,30,practical_advice,arabic,What are the main symptoms of diabetes and how can it be prevented?,ما هي الأعراض الرئيسية لمرض السكري وكيف يمكن الوقاية منه؟,{'error':'llama runner process has terminated with exit code -1'},,
MODEL_C,20,reasoning,french,"If a hybrid router sends 40% to model A (69% accuracy), 30% to B (71%), 30% to C (26%), what is weighted accuracy?","Si un routeur hybride envoie 40% des requêtes vers le modèle A (précision 69%), 30% vers le modèle B (précision 71%), et 30% vers le modèle C (précision 26%), quelle est la précision moyenne pondérée?",{'error':'llama runner process has terminated with exit code -1'},,
MODEL_C,17,reasoning,french,Explain why a smaller language model might be preferable to a large one for a local business.,Expliquez pourquoi un modèle de langage plus petit peut parfois être préférable à un grand modèle pour une entreprise locale.,{'error':'llama runner process has terminated with exit code -1'},,
MODEL_C,40,practical_advice,french,What are the advantages and disadvantages of using AI for children's education?,Quels sont les avantages et les inconvénients d'utiliser l'intelligence artificielle pour l'éducation des enfants?,{'error':'llama runner process has terminated with exit code -1'},,
MODEL_C,34,practical_advice,french,What are warning signs of a mental health problem and when should you see a doctor?,Quels sont les signes d'alerte d'un problème de santé mentale et quand faut-il consulter un médecin?,{'error':'llama runner process has terminated with exit code -1'},,
MODEL_C,3,factual,arabic,What are the official languages of Morocco?,ما هي اللغات الرسمية في المغرب؟,{'error':'llama runner process has terminated with exit code -1'},,
MODEL_C,1,factual,arabic,What is the capital of Morocco?,ما هي عاصمة المغرب؟,{'error':'llama runner process has terminated with exit code -1'},,
MODEL_C,39,practical_advice,arabic,What advice would you give someone who wants to learn programming from scratch for free?,ما هي نصائحك لشخص يريد تعلم البرمجة من الصفر بدون تكلفة؟,{'error':'llama runner process has terminated with exit code -1'},,
MODEL_C,28,coding,french,What is an API and how do you use one with Python? Give a simple example.,Qu'est-ce qu'une API et comment en utiliser une avec Python? Donnez un exemple simple.,{'error':'llama runner process has terminated with exit code -1'},,
MODEL_C,6,factual,french,What is the capital of France?,Quelle est la capitale de la France?,{'error':'llama runner process has terminated with exit code -1'},,
MODEL_C,7,factual,french,What is artificial intelligence?,Qu'est-ce que l'intelligence artificielle?,{'error':'llama runner process has terminated with exit code -1'},,
MODEL_C,9,factual,french,How does a solar panel work?,Comment fonctionne un panneau solaire?,{'error':'llama runner process has terminated with exit code -1'},,
MODEL_C,15,reasoning,arabic,"A company spends 5000 on rent, 2000 on salaries, 1000 on materials. Revenue is 10000. What is net profit?",شركة صغيرة تنفق 5000 درهم شهرياً على الإيجار و2000 درهم على الرواتب و1000 درهم على المواد. إذا كانت تحقق إيراداً شهرياً قدره 10000 درهم، ما هو صافي ربحها؟,{'error':'llama runner process has terminated with exit code -1'},,
MODEL_C,16,reasoning,french,"If AI uses 10x more energy than a Google search, and a user makes 100 queries/day, how many Google searches equivalent per week?","Si un modèle d'IA consomme 10 fois plus d'énergie qu'une recherche Google, et qu'un utilisateur fait 100 requêtes par jour, combien de recherches Google équivalentes cela représente-t-il par semaine?",{'error':'llama runner process has terminated with exit code -1'},,
MODEL_C,18,reasoning,french,A student pays $20/month for ChatGPT for 4 university years. Total cost and what else could that buy?,"Un étudiant achète un abonnement ChatGPT à 20 dollars par mois pendant 4 ans d'université. Combien dépense-t-il au total, et qu'aurait-il pu faire avec cet argent?",{'error':'llama runner process has terminated with exit code -1'},,
MODEL_C,2,factual,arabic,Approximately what is the population of Morocco?,كم عدد سكان المغرب تقريباً؟,{'error':'llama runner process has terminated with exit code -1'},,
MODEL_C,8,factual,french,What is the difference between a small and large language model?,Quelle est la différence entre un petit modèle de langage et un grand modèle de langage?,{'error':'llama runner process has terminated with exit code -1'},,
